{
    "stops" : [
              {
              "name":"CAÑADA COLLEGE",
              "stopCode": "321001",
              "agency": "samtrans"
               },
               
               {
               "name":"FARM HILL RD & CAÑADA COLLEGE",
               "stopCode":  "321006",
               "agency": "samtrans"
               
               },
               
               {
               "name":"REDWOOD CITY TRANSIT CENTER",
               "stopCode": "344637",
               "agency": "samtrans"
               },
               
               {
               "name":"GATEWAY DR & HICKEY BLVD",
               "stopCode": "311052",
               "agency": "samtrans"
               },
               
               {
               "name":"7th Street and Brannan St",
               "stopCode": "13191",
               "agency": "samtrans"
               }
               
               
               
               
               ]
}
